W,q,Q,cth,t,ds,stat,syst+,syst-,obs,unit,experiment
7.000000E+01,3.499371E+01,3.498629E+01,1.000059E+00,1.450000E-01,2.530000E+00,6.000000E-01,2.736613E-01,2.736613E-01,ds/dt,mb/GeV2,zeus1996
7.000000E+01,3.499371E+01,3.498629E+01,1.000100E+00,2.450000E-01,1.240000E+00,1.900000E-01,1.341265E-01,1.341265E-01,ds/dt,mb/GeV2,zeus1996
7.000000E+01,3.499371E+01,3.498629E+01,1.000141E+00,3.450000E-01,4.700000E-01,1.300000E-01,5.083827E-02,5.083827E-02,ds/dt,mb/GeV2,zeus1996
7.000000E+01,3.499371E+01,3.498629E+01,1.000182E+00,4.450000E-01,3.100000E-01,7.000000E-02,3.353163E-02,3.353163E-02,ds/dt,mb/GeV2,zeus1996
