W,q,Q,cth,t,ds,stat,syst+,syst-,obs,unit,experiment
9.500000E+01,4.749537E+01,4.748990E+01,1.000102E+00,4.620000E-01,3.330000E-01,7.000000E-02,1.074988E-01,6.946224E-02,ds/dt,mb/GeV2,zeus2000
9.500000E+01,4.749537E+01,4.748990E+01,1.000139E+00,6.280000E-01,1.680000E-01,2.700000E-02,5.305695E-02,3.851026E-02,ds/dt,mb/GeV2,zeus2000
9.500000E+01,4.749537E+01,4.748990E+01,1.000190E+00,8.590000E-01,2.700000E-02,7.000000E-03,1.209969E-02,9.022333E-03,ds/dt,mb/GeV2,zeus2000
9.500000E+01,4.749537E+01,4.748990E+01,1.000270E+00,1.217000E+00,4.000000E-03,3.000000E-03,4.512206E-03,2.891366E-03,ds/dt,mb/GeV2,zeus2000
