i,W,q,Q,cth,t,t0,obs,value,stat,syst+,syst-,unit
1,7.309144E+00,3.594349E+00,3.520823E+00,NA,NA,-3.516165E-04,sig*Br,2.400000E-01,6.000000E-03,2.000000E-02,-2.000000E-02,mub
